url_path,views_total,views_unique
/yinlinchen/thumbnail_creator,8,4
/yinlinchen/thumbnail_creator/blob/master/apps/app.py,3,2
/yinlinchen/thumbnail_creator/tree/master/sharedutils,3,2
/yinlinchen/thumbnail_creator/blob/master/apps/requirements.txt,1,1
/yinlinchen/thumbnail_creator/blob/master/images/overview.png,1,1
/yinlinchen/thumbnail_creator/blob/master/images/stack_output.png,1,1
/yinlinchen/thumbnail_creator/issues,1,1
/yinlinchen/thumbnail_creator/tree/master/apps,1,1
/yinlinchen/thumbnail_creator/tree/master/images,1,1
/yinlinchen/thumbnail_creator/tree/master/sharedutils/examples,1,1
